id,title,status,user_score,watchd_ep,total_ep,airing_status,media_type,mpaa_rating,release_date,completion_date
41491,Nanatsu no Taizai: Fundo no Shinpan,1,0,21,24,1,TV,PG-13,01-13-21,06-23-21
38101,5-toubun no Hanayome,2,7,12,12,2,TV,PG-13,01-11-19,03-29-19
39783,5-toubun no Hanayome ∬,2,7,12,12,2,TV,PG-13,01-08-21,03-26-21
32998,91 Days,2,10,12,12,2,TV,R,07-09-16,10-01-16
34777,"91 Days: Toki no Asase/Subete no Kinou/Ashita, Mata Ashita",2,5,1,1,2,Special,R,07-05-17,07-05-17
39790,Adachi to Shimamura,2,7,12,12,2,TV,PG-13,10-09-20,12-25-20
22199,Akame ga Kill!,2,6,24,24,2,TV,R,07-07-14,12-15-14
47,Akira,2,3,1,1,2,Movie,R+,07-16-88,07-16-88
41433,Akudama Drive,2,7,12,12,2,TV,R,10-08-20,12-24-20
2832,Ani*Kuri15,2,4,15,15,2,Special,PG-13,06-07-07,06-27-07
9989,Ano Hi Mita Hana no Namae wo Bokutachi wa Mada Shiranai.,2,6,11,11,2,TV,PG-13,04-15-11,06-24-11
11111,Another,2,8,12,12,2,TV,R,01-10-12,03-27-12
20365,Another: Misaki Mei - Shizukani,2,2,1,1,2,Music,G,03-29-13,03-29-13
11701,Another: The Other - Inga,2,5,1,1,2,OVA,R,05-26-12,05-26-12
40128,Arte,2,7,12,12,2,TV,PG-13,04-04-20,06-20-20
43745,Attack Zero x Evangelion,2,2,1,1,2,ONA,G,11-02-20,11-02-20
43751,"Ayanami Rei, Hajimete no Kuchibeni",2,2,1,1,2,ONA,G,11-03-20,11-03-20
37525,Babylon,2,8,12,12,2,TV,R,10-07-19,01-28-20
28805,Bakemono no Ko,2,7,1,1,2,Movie,PG-13,07-11-15,07-11-15
5081,Bakemonogatari,2,5,15,15,2,TV,R,07-03-09,06-25-10
2156,Bakugan Battle Brawlers,2,2,52,52,2,TV,PG,04-05-07,03-27-08
1669,Bakuten Shoot Beyblade 2002,2,3,51,51,2,TV,PG,01-07-02,12-30-02
39195,Beastars,2,8,12,12,2,TV,R,10-10-19,12-26-19
40935,Beastars 2nd Season,2,8,12,12,2,TV,R,01-07-21,03-25-21
889,Black Lagoon,2,6,12,12,2,TV,R,04-09-06,06-25-06
8440,Black Lagoon Omake,2,2,7,7,2,Special,PG-13,12-23-09,03-25-10
4901,Black Lagoon: Roberta's Blood Trail,2,6,5,5,2,OVA,R+,06-27-10,06-22-11
1519,Black Lagoon: The Second Barrage,2,7,12,12,2,TV,R,10-03-06,12-19-06
269,Bleach,2,5,366,366,2,TV,PG-13,10-05-04,03-27-12
31043,Boku dake ga Inai Machi,2,8,12,12,2,TV,R,01-08-16,03-25-16
31964,Boku no Hero Academia,2,6,13,13,2,TV,PG-13,04-03-16,06-26-16
33486,Boku no Hero Academia 2nd Season,2,7,25,25,2,TV,PG-13,04-01-17,09-30-17
36456,Boku no Hero Academia 3rd Season,2,7,25,25,2,TV,PG-13,04-07-18,09-29-18
38408,Boku no Hero Academia 4th Season,2,6,25,25,2,TV,PG-13,10-12-19,04-04-20
42603,Boku no Hero Academia: Ikinokore! Kesshi no Survival Kunren,2,5,2,2,2,ONA,PG-13,08-16-20,08-16-20
1639,Boku no Pico,2,1,1,1,2,OVA,Rx,09-07-06,09-07-06
28755,Boruto: Naruto the Movie,2,6,1,1,2,Movie,PG-13,08-07-15,08-07-15
32365,Boruto: Naruto the Movie - Naruto ga Hokage ni Natta Hi,2,5,1,1,2,Special,PG-13,07-06-16,07-06-16
31478,Bungou Stray Dogs,2,6,12,12,2,TV,R,04-07-16,06-23-16
32867,Bungou Stray Dogs 2nd Season,2,6,12,12,2,TV,R,10-06-16,12-16-16
38003,Bungou Stray Dogs 3rd Season,2,6,12,12,2,TV,R,04-12-19,06-28-19
34944,Bungou Stray Dogs: Dead Apple,2,4,1,1,2,Movie,R,03-03-18,03-03-18
33071,Bungou Stray Dogs: Hitori Ayumu,2,5,1,1,2,OVA,PG-13,08-04-17,08-04-17
1689,Byousoku 5 Centimeter,2,8,3,3,2,Movie,PG-13,03-03-07,03-03-07
10012,Carnival Phantasm,2,2,12,12,2,OVA,PG-13,08-14-11,12-31-11
12187,Carnival Phantasm EX Season,2,2,1,1,2,OVA,PG-13,11-26-11,11-26-11
15927,Carnival Phantasm: HibiChika Special,2,2,1,1,2,Special,PG-13,07-07-12,07-07-12
12255,Carnival Phantasm: Illya-jou,2,1,1,1,2,Special,PG,10-28-11,10-28-11
10800,Chihayafuru,2,7,25,25,2,TV,PG-13,10-05-11,03-28-12
14397,Chihayafuru 2,2,6,25,25,2,TV,PG-13,01-12-13,06-29-13
18745,Chihayafuru 2: Waga Miyo ni Furu Nagame Shima ni,2,3,1,1,2,OVA,PG-13,09-13-13,09-13-13
37379,Chihayafuru 3,2,7,24,24,2,TV,PG-13,10-23-19,03-25-20
15687,Chuunibyou demo Koi ga Shitai! Lite,2,4,6,6,2,ONA,PG-13,09-27-12,10-31-12
2167,Clannad,2,5,23,23,2,TV,PG-13,10-05-07,03-28-08
1723,Clannad Movie,2,4,1,1,2,Movie,PG-13,09-15-07,09-15-07
4181,Clannad: After Story,2,5,24,24,2,TV,PG-13,10-03-08,03-27-09
6351,"Clannad: After Story - Mou Hitotsu no Sekai, Kyou-hen",2,4,1,1,2,Special,PG-13,07-01-09,07-01-09
4059,"Clannad: Mou Hitotsu no Sekai, Tomoyo-hen",2,6,1,1,2,Special,PG-13,07-16-08,07-16-08
34437,Code Geass: Fukkatsu no Lelouch,2,4,1,1,2,Movie,R,02-09-19,02-09-19
1575,Code Geass: Hangyaku no Lelouch,2,9,25,25,2,TV,R,10-06-06,07-29-07
2904,Code Geass: Hangyaku no Lelouch R2,2,10,25,25,2,TV,R,04-06-08,09-28-08
10029,Coquelicot-zaka kara,2,7,1,1,2,Movie,G,07-16-11,07-16-11
1,Cowboy Bebop,2,5,26,26,2,TV,R,04-03-98,04-24-99
35849,Darling in the FranXX,2,7,24,24,2,TV,PG-13,01-13-18,07-07-18
1535,Death Note,2,9,37,37,2,TV,R,10-04-06,06-27-07
28223,Death Parade,2,7,12,12,2,TV,R,01-10-15,03-28-15
40056,Deca-Dence,2,7,12,12,2,TV,PG-13,07-08-20,09-23-20
552,Digimon Adventure,2,6,54,54,2,TV,PG,03-07-99,03-26-00
1313,Digimon Adventure 02,2,5,50,50,2,TV,PG,04-02-00,03-25-01
2962,Digimon Adventure 02 Movies,2,2,2,2,2,Movie,PG,07-08-00,07-08-00
2398,Digimon Adventure 02: Diablomon no Gyakushuu,2,2,1,1,2,Movie,PG,03-03-01,03-03-01
2961,Digimon Adventure Movie,2,2,1,1,2,Movie,PG,03-06-99,03-06-99
25687,Digimon Adventure tri. 1: Saikai,2,5,1,1,2,Movie,PG-13,11-21-15,11-21-15
32108,Digimon Adventure tri. 2: Ketsui,2,4,1,1,2,Movie,PG-13,03-12-16,03-12-16
32551,Digimon Adventure tri. 3: Kokuhaku,2,4,1,1,2,Movie,PG-13,09-24-16,09-24-16
34299,Digimon Adventure tri. 4: Soushitsu,2,4,1,1,2,Movie,PG-13,02-25-17,02-25-17
34962,Digimon Adventure tri. 5: Kyousei,2,3,1,1,2,Movie,PG-13,09-30-17,09-30-17
36466,Digimon Adventure tri. 6: Bokura no Mirai,2,3,1,1,2,Movie,PG-13,05-05-18,05-05-18
2397,Digimon Adventure: Bokura no War Game!,2,2,1,1,2,Movie,PG,03-04-00,03-04-00
1132,Digimon Frontier,2,6,50,50,2,TV,PG,04-07-02,03-30-03
859,Digimon Savers,2,6,48,48,2,TV,PG,04-02-06,03-25-07
874,Digimon Tamers,2,6,51,51,2,TV,PG,04-01-01,03-31-02
37520,Dororo,2,8,24,24,2,TV,R,01-07-19,06-24-19
38691,Dr. Stone,2,8,24,24,2,TV,PG-13,07-05-19,12-13-19
40852,Dr. Stone: Stone Wars,2,7,11,11,2,TV,PG-13,01-14-21,03-25-21
813,Dragon Ball Z,2,3,291,291,2,TV,PG-13,04-26-89,01-31-96
39792,Eizouken ni wa Te wo Dasu na!,2,6,12,12,2,TV,PG-13,01-06-20,03-23-20
226,Elfen Lied,2,9,13,13,2,TV,R+,07-25-04,10-17-04
376,"Elfen Lied: Tooriame nite Arui wa, Shoujo wa Ikani Shite Sono Shinjou ni Itatta ka? - Regenschauer",2,5,1,1,2,Special,R+,04-21-05,04-21-05
37033,Emiya-san Chi no Kyou no Gohan,2,4,13,13,2,ONA,PG-13,01-25-18,01-01-19
38671,Enen no Shouboutai,2,5,24,24,2,TV,PG-13,07-06-19,12-28-19
40956,Enen no Shouboutai: Ni no Shou,2,5,24,24,2,TV,PG-13,07-04-20,12-12-20
6702,Fairy Tail,2,5,175,175,2,TV,PG-13,10-12-09,03-30-13
22043,Fairy Tail (2014),2,5,102,102,2,TV,PG-13,04-05-14,03-26-16
35972,Fairy Tail: Final Series,2,5,51,51,2,TV,PG-13,10-07-18,09-29-19
34662,Fate/Apocrypha,2,7,25,25,2,TV,R,07-02-17,12-31-17
33047,Fate/Extra: Last Encore,2,4,10,10,2,TV,R,01-28-18,04-01-18
37651,Fate/Extra: Last Encore - Illustrias Tendousetsu,2,3,3,3,2,TV,R,07-29-18,07-29-18
34321,Fate/Grand Order: First Order,2,6,1,1,2,Special,PG-13,12-31-16,12-31-16
36914,Fate/Grand Order: Himuro no Tenchi - 7-nin no Saikyou Ijin-hen,2,1,1,1,2,Special,PG-13,12-31-17,12-31-17
36915,Fate/Grand Order: Moonlight/Lostroom,2,3,1,1,2,Special,PG-13,12-31-17,12-31-17
38084,Fate/Grand Order: Zettai Majuu Sensen Babylonia,2,6,21,21,2,TV,PG-13,10-05-19,03-21-20
40206,Fate/Grand Order: Zettai Majuu Sensen Babylonia - Initium Iter,2,6,1,1,2,Special,PG-13,08-04-19,08-04-19
14829,Fate/kaleid liner Prisma☆Illya,2,2,10,10,2,TV,PG-13,07-13-13,09-14-13
27525,Fate/kaleid liner Prisma☆Illya 2wei Herz!,2,3,10,10,2,TV,PG-13,07-25-15,09-26-15
31056,Fate/kaleid liner Prisma☆Illya 2wei Herz! Specials,2,2,5,5,2,Special,PG-13,09-25-15,01-29-16
20509,Fate/kaleid liner Prisma☆Illya 2wei!,2,2,10,10,2,TV,PG-13,07-10-14,09-11-14
25011,Fate/kaleid liner Prisma☆Illya 2wei! Specials,2,3,5,5,2,Special,PG-13,09-26-14,01-30-15
26057,Fate/kaleid liner Prisma☆Illya 2wei!: Mahou Shoujo in Onsen Ryokou,2,2,1,1,2,OVA,PG-13,07-25-15,07-25-15
31706,Fate/kaleid liner Prisma☆Illya 3rei!!,2,3,12,12,2,TV,PG-13,07-06-16,09-21-16
33456,Fate/kaleid liner Prisma☆Illya 3rei!! Specials,2,2,6,6,2,Special,PG-13,09-30-16,02-24-17
34100,Fate/kaleid liner Prisma☆Illya Movie: Sekka no Chikai,2,6,1,1,2,Movie,PG-13,08-26-17,08-26-17
36833,Fate/kaleid liner Prisma☆Illya Movie: Sekka no Chikai - Kuro Sakura no Heya,2,2,1,1,2,Special,PG-13,01-31-18,01-31-18
19109,Fate/kaleid liner Prisma☆Illya Specials,2,2,5,5,2,Special,PG-13,09-27-13,01-31-14
38897,Fate/kaleid liner Prisma☆Illya: Prisma☆Phantasm,2,2,1,1,2,Movie,PG-13,06-14-19,06-14-19
18851,Fate/kaleid liner Prisma☆Illya: Undoukai de Dance!,2,2,1,1,2,OVA,PG-13,03-10-14,03-10-14
12565,Fate/Prototype,2,4,1,1,2,OVA,PG-13,12-31-11,12-31-11
356,Fate/stay night,2,6,24,24,2,TV,R,01-07-06,06-17-06
25537,Fate/stay night Movie: Heaven's Feel - I. Presage Flower,2,6,1,1,2,Movie,R,10-14-17,10-14-17
33049,Fate/stay night Movie: Heaven's Feel - II. Lost Butterfly,2,8,1,1,2,Movie,R,01-12-19,01-12-19
33050,Fate/stay night Movie: Heaven's Feel - III. Spring Song,2,8,1,1,2,Movie,R,08-15-20,08-15-20
6922,Fate/stay night Movie: Unlimited Blade Works,2,5,1,1,2,Movie,PG-13,01-23-10,01-23-10
22297,Fate/stay night: Unlimited Blade Works,2,7,12,12,2,TV,R,10-12-14,12-28-14
28701,Fate/stay night: Unlimited Blade Works 2nd Season,2,7,13,13,2,TV,R,04-05-15,06-28-15
31389,Fate/stay night: Unlimited Blade Works 2nd Season - Sunny Day,2,5,1,1,2,Special,PG-13,10-07-15,10-07-15
27821,Fate/stay night: Unlimited Blade Works Prologue,2,6,1,1,2,Special,PG-13,10-05-14,10-05-14
40982,Fate/strange Fake,2,3,1,1,2,ONA,PG-13,12-31-19,12-31-19
10087,Fate/Zero,2,8,13,13,2,TV,R,10-02-11,12-25-11
11741,Fate/Zero 2nd Season,2,8,12,12,2,TV,R,04-08-12,06-24-12
13263,Fate/Zero: Onegai! Einzbern Soudanshitsu,2,2,6,6,2,Special,PG-13,03-07-12,09-19-12
121,Fullmetal Alchemist,2,9,51,51,2,TV,PG-13,10-04-03,10-02-04
5114,Fullmetal Alchemist: Brotherhood,2,9,64,64,2,TV,R,04-05-09,07-04-10
430,Fullmetal Alchemist: The Conqueror of Shamballa,2,5,1,1,2,Movie,PG-13,07-23-05,07-23-05
16918,Gin no Saji,2,7,11,11,2,TV,PG-13,07-12-13,09-20-13
19363,Gin no Saji 2nd Season,2,7,11,11,2,TV,PG-13,01-10-14,03-28-14
820,Ginga Eiyuu Densetsu,2,7,110,110,2,OVA,R,01-08-88,03-17-97
39463,Gleipnir,2,6,13,13,2,TV,R,04-05-20,06-28-20
268,Golden Boy,2,4,6,6,2,OVA,R+,10-27-95,06-28-96
17895,Golden Time,2,5,24,24,2,TV,PG-13,10-04-13,03-28-14
37105,Grand Blue,2,7,12,12,2,TV,PG-13,07-14-18,09-29-18
40052,Great Pretender,2,7,23,23,2,TV,R,07-09-20,12-17-20
16,Hachimitsu to Clover,2,7,24,24,2,TV,PG-13,04-15-05,09-27-05
1142,Hachimitsu to Clover II,2,8,12,12,2,TV,PG-13,06-30-06,09-15-06
644,Hachimitsu to Clover Specials,2,4,2,2,2,Special,PG-13,12-23-05,02-24-06
31859,Hai to Gensou no Grimgar,2,6,12,12,2,TV,PG-13,01-11-16,03-28-16
32561,Hai to Gensou no Grimgar: Furoagari no Kabe ni Kaketa Seishun - One More Centimeter,2,5,1,1,2,Special,PG-13,03-16-16,03-16-16
20583,Haikyuu!!,2,7,25,25,2,TV,PG-13,04-06-14,09-21-14
31675,Haikyuu!! Quest Picture Drama,2,1,3,3,2,OVA,PG-13,09-25-14,09-25-14
28891,Haikyuu!! Second Season,2,7,25,25,2,TV,PG-13,10-04-15,03-27-16
32935,Haikyuu!!: Karasuno Koukou vs. Shiratorizawa Gakuen Koukou,2,7,10,10,2,TV,PG-13,10-08-16,12-10-16
25303,Haikyuu!!: Lev Genzan!,2,4,1,1,2,OVA,PG-13,03-04-15,03-04-15
40262,Haikyuu!!: Riku vs. Kuu,2,5,2,2,2,OVA,PG-13,01-22-20,01-22-20
38883,Haikyuu!!: To the Top,2,6,13,13,2,TV,PG-13,01-11-20,04-04-20
40776,Haikyuu!!: To the Top 2nd Season,2,7,12,12,2,TV,PG-13,10-03-20,12-19-20
35806,Haikyuu!!: vs. "Akaten",2,4,1,1,2,OVA,PG-13,05-02-16,05-02-16
27969,Hana to Alice: Satsujin Jiken,2,8,1,1,2,Movie,PG-13,02-20-15,02-20-15
21855,Hanamonogatari,2,6,5,5,2,TV,R,08-16-14,08-16-14
1030,Heisei Tanuki Gassen Ponpoko,2,3,1,1,2,Movie,PG,06-13-94,06-13-94
42897,Horimiya,2,7,13,13,2,TV,PG-13,01-10-21,04-04-21
9760,Hoshi wo Ou Kodomo,2,5,1,1,2,Movie,PG-13,05-07-11,05-07-11
578,Hotaru no Haka,2,9,1,1,2,Movie,PG-13,04-16-88,04-16-88
10408,Hotarubi no Mori e,2,6,1,1,2,Movie,G,09-17-11,09-17-11
431,Howl no Ugoku Shiro,2,4,1,1,2,Movie,G,11-20-04,11-20-04
11061,Hunter x Hunter (2011),2,6,148,148,2,TV,PG-13,10-02-11,09-24-14
12189,Hyouka,2,6,22,22,2,TV,PG-13,04-23-12,09-17-12
13469,Hyouka: Motsubeki Mono wa,2,4,1,1,2,OVA,PG-13,07-08-12,07-08-12
40046,Id:Invaded,2,8,13,13,2,TV,R,01-06-20,03-23-20
468,Innocence,2,4,1,1,2,Movie,R,03-06-04,03-06-04
40010,Ishuzoku Reviewers,2,3,12,12,2,TV,R+,01-11-20,03-28-20
40530,Jaku-Chara Tomozaki-kun,2,7,12,12,2,TV,PG-13,01-08-21,03-26-21
14719,JoJo no Kimyou na Bouken (TV),2,6,26,26,2,TV,R,10-06-12,04-06-13
20899,JoJo no Kimyou na Bouken Part 3: Stardust Crusaders,2,3,24,24,2,TV,R,04-05-14,09-13-14
26055,JoJo no Kimyou na Bouken Part 3: Stardust Crusaders 2nd Season,2,3,24,24,2,TV,R,01-10-15,06-20-15
31933,JoJo no Kimyou na Bouken Part 4: Diamond wa Kudakenai,2,4,39,39,2,TV,R,04-02-16,12-24-16
37991,JoJo no Kimyou na Bouken Part 5: Ougon no Kaze,2,8,39,39,2,TV,R,10-06-18,07-28-19
38777,Jujutsu Kaisen,2,2,3,3,2,ONA,G,12-03-18,12-08-18
40748,Jujutsu Kaisen (TV),2,7,24,24,2,TV,R,10-03-20,03-27-21
35639,Just Because!,2,8,12,12,2,TV,PG-13,10-05-17,12-28-17
16664,Kaguya-hime no Monogatari,2,7,1,1,2,Movie,G,11-23-13,11-23-13
37999,Kaguya-sama wa Kokurasetai: Tensai-tachi no Renai Zunousen,2,6,12,12,2,TV,PG-13,01-12-19,03-30-19
43609,Kaguya-sama wa Kokurasetai: Tensai-tachi no Renai Zunousen OVA,2,5,1,1,2,OVA,PG-13,05-19-21,05-19-21
40591,Kaguya-sama wa Kokurasetai?: Tensai-tachi no Renai Zunousen,2,6,12,12,2,TV,PG-13,04-11-20,06-27-20
40750,Kaifuku Jutsushi no Yarinaoshi,2,1,12,12,2,TV,R+,01-13-21,03-31-21
34933,Kakegurui,2,5,12,12,2,TV,R,07-01-17,09-23-17
37086,Kakegurui××,2,6,12,12,2,TV,R,01-09-19,03-27-19
40716,Kakushigoto (TV),2,7,12,12,2,TV,PG-13,04-02-20,06-18-20
40221,Kami no Tou,2,7,13,13,2,TV,PG-13,04-02-20,06-25-20
39198,Kanata no Astra,2,8,12,12,2,TV,PG-13,07-03-19,09-18-19
40839,"Kanojo, Okarishimasu",2,6,12,12,2,TV,PG-13,07-11-20,09-26-20
2593,Kara no Kyoukai 1: Fukan Fuukei,2,7,1,1,2,Movie,R,12-01-07,12-01-07
3782,Kara no Kyoukai 2: Satsujin Kousatsu (Zen),2,7,1,1,2,Movie,R,12-29-07,12-29-07
3783,Kara no Kyoukai 3: Tsuukaku Zanryuu,2,8,1,1,2,Movie,R+,02-09-08,02-09-08
4280,Kara no Kyoukai 4: Garan no Dou,2,6,1,1,2,Movie,R,05-24-08,05-24-08
4282,Kara no Kyoukai 5: Mujun Rasen,2,7,1,1,2,Movie,R,08-16-08,08-16-08
5204,Kara no Kyoukai 6: Boukyaku Rokuon,2,5,1,1,2,Movie,R,12-20-08,12-20-08
5205,Kara no Kyoukai 7: Satsujin Kousatsu (Go),2,8,1,1,2,Movie,R,08-08-09,08-08-09
6954,Kara no Kyoukai 8: Shuushou,2,4,1,1,2,Special,PG-13,02-02-11,02-02-11
6624,Kara no Kyoukai Remix: Gate of Seventh Heaven,2,5,1,1,2,Movie,R,03-14-09,03-14-09
23697,Kara no Kyoukai: Manner Movies,2,1,7,7,2,Movie,G,12-01-07,08-08-09
14807,Kara no Kyoukai: Mirai Fukuin,2,7,1,1,2,Movie,R,09-28-13,09-28-13
22763,Kara no Kyoukai: Mirai Fukuin - Extra Chorus,2,6,1,1,2,Special,R,09-28-13,09-28-13
22847,Kara no Kyoukai: Mirai Fukuin - Manner Movie,2,1,1,1,2,Movie,G,09-28-13,09-28-13
35860,Karakai Jouzu no Takagi-san,2,6,12,12,2,TV,PG-13,01-08-18,03-26-18
38993,Karakai Jouzu no Takagi-san 2,2,6,12,12,2,TV,PG-13,07-07-19,09-22-19
37621,Karakai Jouzu no Takagi-san: Water Slide,2,5,1,1,2,OVA,PG-13,07-12-18,07-12-18
572,Kaze no Tani no Nausicaä,2,8,1,1,2,Movie,PG-13,03-11-84,03-11-84
16662,Kaze Tachinu,2,6,1,1,2,Movie,PG-13,07-20-13,07-20-13
38000,Kimetsu no Yaiba,2,7,26,26,2,TV,R,04-06-19,09-28-19
32281,Kimi no Na wa.,2,8,1,1,2,Movie,PG-13,08-26-16,08-26-16
36098,Kimi no Suizou wo Tabetai,2,8,1,1,2,Movie,PG-13,09-01-18,09-01-18
22535,Kiseijuu: Sei no Kakuritsu,2,8,24,24,2,TV,R,10-09-14,03-26-15
5042,Kiss x Sis,2,3,12,12,2,OVA,R+,12-22-08,04-06-15
7593,Kiss x Sis (TV),2,3,12,12,2,TV,PG-13,04-05-10,06-21-10
9260,Kizumonogatari I: Tekketsu-hen,2,5,1,1,2,Movie,R,01-08-16,01-08-16
31757,Kizumonogatari II: Nekketsu-hen,2,6,1,1,2,Movie,R,08-19-16,08-19-16
31758,Kizumonogatari III: Reiketsu-hen,2,6,1,1,2,Movie,R,01-06-17,01-06-17
28851,Koe no Katachi,2,9,1,1,2,Movie,PG-13,09-17-16,09-17-16
15227,Kono Sekai no Katasumi ni,2,8,1,1,2,Movie,PG-13,11-12-16,11-12-16
30831,Kono Subarashii Sekai ni Shukufuku wo!,2,4,10,10,2,TV,PG-13,01-14-16,03-17-16
32937,Kono Subarashii Sekai ni Shukufuku wo! 2,2,5,10,10,2,TV,PG-13,01-12-17,03-16-17
34626,Kono Subarashii Sekai ni Shukufuku wo! 2: Kono Subarashii Geijutsu ni Shukufuku wo!,2,4,1,1,2,OVA,PG-13,07-24-17,07-24-17
32380,Kono Subarashii Sekai ni Shukufuku wo!: Kono Subarashii Choker ni Shukufuku wo!,2,5,1,1,2,OVA,PG-13,06-24-16,06-24-16
38040,Kono Subarashii Sekai ni Shukufuku wo!: Kurenai Densetsu,2,5,1,1,2,Movie,PG-13,08-30-19,08-30-19
16782,Kotonoha no Niwa,2,8,1,1,2,Movie,PG-13,05-31-13,05-31-13
43,Koukaku Kidoutai,2,4,1,1,2,Movie,R+,11-18-95,11-18-95
28623,Koutetsujou no Kabaneri,2,8,12,12,2,TV,R,04-08-16,07-01-16
34544,Koutetsujou no Kabaneri Movie 3: Unato Kessen,2,8,1,1,2,Movie,R,05-10-19,05-10-19
38426,Koutetsujou no Kabaneri: Ran - Hajimaru Michiato,2,1,1,1,2,Special,PG-13,09-22-18,09-22-18
37139,Koyomi History,2,3,1,1,2,Special,PG-13,09-22-16,09-22-16
32268,Koyomimonogatari,2,6,12,12,2,ONA,R,01-10-16,03-27-16
433,"Kumo no Mukou, Yakusoku no Basho",2,6,1,1,2,Movie,PG-13,11-20-04,11-20-04
32949,Kuzu no Honkai,2,7,12,12,2,TV,R+,01-13-17,03-31-17
39017,Kyokou Suiri,2,6,12,12,2,TV,R,01-12-20,03-29-20
38959,Lord El-Melloi II Sei no Jikenbo: Rail Zeppelin Grace Note,2,6,13,13,2,TV,R,07-07-19,09-29-19
38936,Lord El-Melloi II Sei no Jikenbo: Rail Zeppelin Grace Note - Hakamori to Neko to Majutsushi,2,6,1,1,2,Special,PG-13,12-31-18,12-31-18
37599,Magatsu Wahrheit: Zuerst,2,7,12,12,2,TV,,10-13-20,12-29-20
512,Majo no Takkyuubin,2,4,1,1,2,Movie,G,07-29-89,07-29-89
38958,Manga de Wakaru! Fate/Grand Order,2,1,1,1,2,Special,PG-13,12-31-18,12-31-18
585,Mimi wo Sumaseba,2,7,1,1,2,Movie,G,07-15-95,07-15-95
8460,Mirai Nikki,2,3,1,1,2,OVA,R,12-09-10,12-09-10
10620,Mirai Nikki (TV),2,6,26,26,2,TV,R+,10-09-11,04-15-12
12503,Mirai Nikki (TV): Ura Mirai Nikki,2,2,10,10,2,Special,R,01-27-12,08-31-12
16762,Mirai Nikki: Redial,2,5,1,1,2,OVA,R,06-19-13,06-19-13
32182,Mob Psycho 100,2,6,12,12,2,TV,PG-13,07-11-16,09-27-16
37510,Mob Psycho 100 II,2,6,13,13,2,TV,PG-13,01-07-19,04-01-19
39651,Mob Psycho 100: Dai Ikkai Rei toka Soudansho Ian Ryokou - Kokoro Mitasu Iyashi no Tabi,2,4,1,1,2,OVA,PG-13,09-25-19,09-25-19
37504,Mob Psycho Mini,2,3,6,6,2,Special,PG-13,09-28-16,02-22-17
17074,Monogatari Series: Second Season,2,6,26,26,2,TV,R,07-07-13,12-29-13
164,Mononoke Hime,2,6,1,1,2,Movie,PG-13,07-12-97,07-12-97
19,Monster,2,10,74,74,2,TV,R+,04-07-04,09-28-05
323,Mousou Dairinin,2,5,13,13,2,TV,R+,02-03-04,05-18-04
39535,Mushoku Tensei: Isekai Ittara Honki Dasu,2,7,11,11,2,TV,R,01-11-21,03-22-21
41168,Nakitai Watashi wa Neko wo Kaburu,2,5,1,1,2,Movie,PG-13,06-18-20,06-18-20
23755,Nanatsu no Taizai,2,7,24,24,2,TV,PG-13,10-05-14,03-29-15
34577,Nanatsu no Taizai: Imashime no Fukkatsu,2,7,24,24,2,TV,PG-13,01-13-18,06-30-18
39701,Nanatsu no Taizai: Kamigami no Gekirin,2,5,24,24,2,TV,PG-13,10-09-19,03-25-20
31722,Nanatsu no Taizai: Seisen no Shirushi,2,5,4,4,2,TV,PG-13,08-28-16,09-18-16
20,Naruto,2,8,220,220,2,TV,PG-13,10-03-02,02-08-07
1735,Naruto: Shippuuden,2,8,500,500,2,TV,PG-13,02-15-07,03-23-17
13667,Naruto: Shippuuden Movie 6 - Road to Ninja,2,4,1,1,2,Movie,PG-13,07-28-12,07-28-12
4081,Natsume Yuujinchou,2,8,13,13,2,TV,PG-13,07-08-08,09-30-08
32983,Natsume Yuujinchou Go,2,7,11,11,2,TV,PG-13,10-05-16,12-21-16
34534,Natsume Yuujinchou Go Specials,2,5,2,2,2,Special,PG-13,03-30-17,04-26-17
36538,Natsume Yuujinchou Movie: Utsusemi ni Musubu,2,6,1,1,2,Movie,PG-13,09-29-18,09-29-18
34591,Natsume Yuujinchou Roku,2,7,11,11,2,TV,PG-13,04-12-17,06-21-17
36275,Natsume Yuujinchou Roku Specials,2,7,2,2,2,Special,PG-13,09-27-17,10-25-17
10379,Natsume Yuujinchou San,2,7,13,13,2,TV,PG-13,07-05-11,09-27-11
11665,Natsume Yuujinchou Shi,2,7,13,13,2,TV,PG-13,01-03-12,03-27-12
20651,Natsume Yuujinchou: Itsuka Yuki no Hi ni,2,6,1,1,2,OVA,PG-13,02-01-14,02-01-14
18849,Natsume Yuujinchou: Nyanko-sensei to Hajimete no Otsukai,2,6,1,1,2,Special,PG-13,12-15-13,12-15-13
15689,Nekomonogatari: Kuro,2,5,4,4,2,TV,R,12-31-12,12-31-12
30,Neon Genesis Evangelion,2,7,26,26,2,TV,PG-13,10-04-95,03-27-96
31,Neon Genesis Evangelion: Death & Rebirth,2,3,1,1,2,Movie,R,03-15-97,03-15-97
32,Neon Genesis Evangelion: The End of Evangelion,2,5,1,1,2,Movie,R+,07-19-97,07-19-97
1210,NHK ni Youkoso!,2,7,24,24,2,TV,R+,07-10-06,12-18-06
11597,Nisemonogatari,2,5,11,11,2,TV,R,01-08-12,03-18-12
19815,No Game No Life,2,7,12,12,2,TV,PG-13,04-09-14,06-25-14
24991,No Game No Life Specials,2,4,6,6,2,Special,PG-13,06-25-14,11-26-14
33674,No Game No Life: Zero,2,8,1,1,2,Movie,PG-13,07-15-17,07-15-17
37402,No Game No Life: Zero - Manner Movie,2,1,1,1,2,Movie,G,07-15-17,07-15-17
20507,Noragami,2,3,12,12,2,TV,PG-13,01-05-14,03-23-14
21557,Omoide no Marnie,2,7,1,1,2,Movie,G,07-19-14,07-19-14
1029,Omoide Poroporo,2,6,1,1,2,Movie,G,07-20-91,07-20-91
4155,One Piece Film: Strong World,2,3,1,1,2,Movie,PG-13,12-12-09,12-12-09
12859,One Piece Film: Z,2,3,1,1,2,Movie,PG-13,12-15-12,12-15-12
38234,One Piece Movie 14: Stampede,2,3,1,1,2,Movie,PG-13,08-09-19,08-09-19
30276,One Punch Man,2,4,12,12,2,TV,R,10-05-15,12-21-15
34134,One Punch Man 2nd Season,2,6,12,12,2,TV,R,04-10-19,07-03-19
39705,One Punch Man 2nd Season Specials,2,4,6,6,2,Special,R,10-25-19,03-27-20
31772,One Punch Man Specials,2,4,6,6,2,Special,R,12-24-15,05-27-16
31704,One Punch Man: Road to Hero,2,3,1,1,2,OVA,R,12-04-15,12-04-15
12355,Ookami Kodomo no Ame to Yuki,2,8,1,1,2,Movie,PG,07-21-12,07-21-12
40746,Overflow,2,1,8,8,2,TV,R+,01-06-20,02-24-20
31181,Owarimonogatari,2,7,12,12,2,TV,R,10-04-15,12-20-15
35247,Owarimonogatari 2nd Season,2,7,7,7,2,TV,R,08-12-17,08-13-17
1943,Paprika,2,6,1,1,2,Movie,R+,11-25-06,11-25-06
437,Perfect Blue,2,10,1,1,2,Movie,R+,02-28-98,02-28-98
5391,Pico to Chico,2,1,1,1,2,OVA,Rx,04-19-07,04-19-07
4866,Pico x CoCo x Chico,2,1,1,1,2,OVA,Rx,10-09-08,10-09-08
527,Pokemon,2,4,276,276,2,TV,PG,04-01-97,11-14-02
1564,Pokemon Advanced Generation,2,4,192,192,2,TV,PG,11-21-02,09-14-06
1565,Pokemon Diamond & Pearl,2,4,191,191,2,TV,PG,09-28-06,09-09-10
1117,Pokemon Movie 02: Maboroshi no Pokemon Lugia Bakutan,2,5,1,1,2,Movie,PG,07-17-99,07-17-99
2201,Pokemon Movie 09: Pokemon Ranger to Umi no Ouji Manaphy,2,5,1,1,2,Movie,PG,07-15-06,07-15-06
2847,Pokemon Movie 10: Dialga vs. Palkia vs. Darkrai,2,5,1,1,2,Movie,PG,07-15-07,07-15-07
6178,Pokemon Movie 12: Arceus Choukoku no Jikuu e,2,5,1,1,2,Movie,PG,07-18-09,07-18-09
34540,Pokemon Movie 20: Kimi ni Kimeta!,2,5,1,1,2,Movie,PG,07-15-17,07-15-17
13601,Psycho-Pass,2,8,22,22,2,TV,R,10-12-12,03-22-13
23281,Psycho-Pass 2,2,8,11,11,2,TV,R,10-10-14,12-19-14
39491,Psycho-Pass 3,2,5,8,8,2,TV,R,10-25-19,12-13-19
40858,Psycho-Pass 3: First Inspector,2,4,3,3,2,Movie,R,03-27-20,03-27-20
21339,Psycho-Pass Movie,2,5,1,1,2,Movie,R,01-09-15,01-09-15
37440,Psycho-Pass: Sinners of the System Case.1 - Tsumi to Batsu,2,7,1,1,2,Movie,R,01-25-19,01-25-19
37441,Psycho-Pass: Sinners of the System Case.2 - First Guardian,2,7,1,1,2,Movie,R,02-15-19,02-15-19
37442,Psycho-Pass: Sinners of the System Case.3 - Onshuu no Kanata ni＿＿,2,7,1,1,2,Movie,R,03-08-19,03-08-19
6114,Rainbow: Nisha Rokubou no Shichinin,2,9,26,26,2,TV,R,04-07-10,09-29-10
4921,Ramayana: The Legend of Prince Rama,2,5,1,1,2,Movie,G,03-10-92,03-10-92
31240,Re:Zero kara Hajimeru Isekai Seikatsu,2,8,25,25,2,TV,R,04-04-16,09-19-16
38414,Re:Zero kara Hajimeru Isekai Seikatsu - Hyouketsu no Kizuna,2,6,1,1,2,Movie,PG-13,11-08-19,11-08-19
36286,Re:Zero kara Hajimeru Isekai Seikatsu - Memory Snow,2,2,1,1,2,Movie,PG-13,10-06-18,10-06-18
39587,Re:Zero kara Hajimeru Isekai Seikatsu 2nd Season,2,8,13,13,2,TV,R,07-08-20,09-30-20
42203,Re:Zero kara Hajimeru Isekai Seikatsu 2nd Season Part 2,2,8,12,12,2,TV,R,01-06-21,03-24-21
1827,Seirei no Moribito,2,6,26,26,2,TV,PG-13,04-07-07,09-29-07
37450,Seishun Buta Yarou wa Bunny Girl Senpai no Yume wo Minai,2,8,13,13,2,TV,PG-13,10-04-18,12-27-18
38938,Seishun Buta Yarou wa Bunny Girl Senpai no Yume wo Minai Picture Drama,2,4,5,5,2,Special,PG-13,12-19-18,05-15-19
38329,Seishun Buta Yarou wa Yumemiru Shoujo no Yume wo Minai,2,8,1,1,2,Movie,PG-13,06-15-19,06-15-19
199,Sen to Chihiro no Kamikakushi,2,5,1,1,2,Movie,PG,07-20-01,07-20-01
1033,Sennen Joyuu,2,8,1,1,2,Movie,PG-13,09-14-02,09-14-02
339,Serial Experiments Lain,2,4,13,13,2,TV,R,07-06-98,09-28-98
23273,Shigatsu wa Kimi no Uso,2,7,22,22,2,TV,PG-13,10-10-14,03-20-15
16498,Shingeki no Kyojin,2,9,25,25,2,TV,R,04-07-13,09-29-13
18397,Shingeki no Kyojin OVA,2,5,3,3,2,OVA,R,12-09-13,08-08-14
25777,Shingeki no Kyojin Season 2,2,9,12,12,2,TV,R,04-01-17,06-17-17
35760,Shingeki no Kyojin Season 3,2,7,12,12,2,TV,R,07-23-18,10-15-18
38524,Shingeki no Kyojin Season 3 Part 2,2,9,10,10,2,TV,R,04-29-19,07-01-19
42091,Shingeki no Kyojin: Chronicle,2,7,1,1,2,Movie,R,07-17-20,07-17-20
25781,Shingeki no Kyojin: Kuinaki Sentaku,2,8,2,2,2,OVA,R,12-09-14,04-09-15
36106,Shingeki no Kyojin: Lost Girls,2,6,3,3,2,OVA,R,12-08-17,08-09-18
40028,Shingeki no Kyojin: The Final Season,2,10,16,16,2,TV,R,12-07-20,03-29-21
28171,Shokugeki no Souma,2,6,24,24,2,TV,PG-13,04-04-15,09-26-15
31327,Shokugeki no Souma OVA,2,3,2,2,2,OVA,PG-13,05-02-16,07-04-16
40902,Shokugeki no Souma: Gou no Sara,2,5,13,13,2,TV,PG-13,04-11-20,09-26-20
32282,Shokugeki no Souma: Ni no Sara,2,7,13,13,2,TV,PG-13,07-02-16,09-24-16
34480,Shokugeki no Souma: Ni no Sara OVA,2,4,2,2,2,OVA,PG-13,05-01-17,07-04-17
35788,Shokugeki no Souma: San no Sara,2,7,12,12,2,TV,PG-13,10-04-17,12-20-17
36962,Shokugeki no Souma: San no Sara - Kyokuseiryou no Erina,2,3,1,1,2,OVA,PG-13,05-02-18,05-02-18
36949,Shokugeki no Souma: San no Sara - Tootsuki Ressha-hen,2,6,12,12,2,TV,PG-13,04-09-18,06-25-18
39940,Shokugeki no Souma: Shin no Sara,2,6,12,12,2,TV,PG-13,10-12-19,12-28-19
42923,SK∞,2,5,12,12,2,TV,PG-13,01-10-21,04-04-21
35839,Sora yori mo Tooi Basho,2,7,13,13,2,TV,PG-13,01-02-18,03-27-18
9253,Steins;Gate,2,9,24,24,2,TV,PG-13,04-06-11,09-14-11
30484,Steins;Gate 0,2,9,23,23,2,TV,PG-13,04-12-18,09-27-18
37492,Steins;Gate 0: Kesshou Takei no Valentine - Bittersweet Intermedio,2,3,1,1,2,Special,PG-13,12-21-18,12-21-18
11577,Steins;Gate Movie: Fuka Ryouiki no Déjà vu,2,6,1,1,2,Movie,PG-13,04-20-13,04-20-13
32188,Steins;Gate: Kyoukaimenjou no Missing Link - Divide By Zero,2,6,1,1,2,Special,PG-13,12-03-15,12-03-15
10863,Steins;Gate: Oukoubakko no Poriomania,2,3,1,1,2,Special,PG-13,02-22-12,02-22-12
5681,Summer Wars,2,5,1,1,2,Movie,PG-13,08-01-09,08-01-09
11757,Sword Art Online,2,4,25,25,2,TV,PG-13,07-08-12,12-23-12
21881,Sword Art Online II,2,3,24,24,2,TV,PG-13,07-05-14,12-20-14
27891,Sword Art Online II: Debriefing,2,1,1,1,2,Special,PG-13,10-11-14,10-11-14
35790,Tate no Yuusha no Nariagari,2,7,25,25,2,TV,PG-13,01-09-19,06-26-19
513,Tenkuu no Shiro Laputa,2,4,1,1,2,Movie,PG,08-02-86,08-02-86
37430,Tensei shitara Slime Datta Ken,2,6,24,24,2,TV,PG-13,10-02-18,03-19-19
39551,Tensei shitara Slime Datta Ken 2nd Season,2,6,12,12,2,TV,PG-13,01-12-21,03-30-21
38793,Tensei shitara Slime Datta Ken OVA,2,4,5,5,2,OVA,PG-13,07-09-19,11-27-20
45753,Tensei shitara Slime Datta Ken: Kanwa - Hinata Sakaguchi,2,3,1,1,2,Special,PG-13,01-05-21,01-05-21
39607,Tensei shitara Slime Datta Ken: Kanwa - Veldora Nikki,2,2,1,1,2,Special,PG-13,03-26-19,03-26-19
16870,The Last: Naruto the Movie,2,5,1,1,2,Movie,PG-13,12-06-14,12-06-14
2236,Toki wo Kakeru Shoujo,2,6,1,1,2,Movie,G,07-15-06,07-15-06
22319,Tokyo Ghoul,2,9,12,12,2,TV,R,07-04-14,09-19-14
27899,Tokyo Ghoul √A,2,6,12,12,2,TV,R,01-09-15,03-27-15
30458,Tokyo Ghoul: "Jack",2,7,1,1,2,OVA,R,09-30-15,09-30-15
31297,Tokyo Ghoul: "Pinto",2,6,1,1,2,OVA,R,12-25-15,12-25-15
36511,Tokyo Ghoul:re,2,5,12,12,2,TV,R,04-03-18,06-19-18
37799,Tokyo Ghoul:re 2nd Season,2,4,12,12,2,TV,R,10-09-18,12-25-18
759,Tokyo Godfathers,2,8,1,1,2,Movie,PG-13,11-08-03,11-08-03
523,Tonari no Totoro,2,5,1,1,2,Movie,G,04-16-88,04-16-88
41389,Tonikaku Kawaii,2,4,12,12,2,TV,PG-13,10-03-20,12-19-20
34822,Tsuki ga Kirei,2,8,12,12,2,TV,PG-13,04-07-17,06-30-17
36539,Tsuki ga Kirei Special,2,4,1,1,2,Special,PG-13,09-27-17,09-27-17
35602,Tsuki ga Kirei: Michinori,2,5,1,1,2,Special,PG-13,05-19-17,05-19-17
28025,Tsukimonogatari,2,5,4,4,2,TV,R,12-31-14,12-31-14
743,Umi ga Kikoeru,2,8,1,1,2,Special,PG-13,05-05-93,05-05-93
10162,Usagi Drop,2,8,11,11,2,TV,PG-13,07-08-11,09-16-11
11113,Usagi Drop Specials,2,6,4,4,2,Special,PG-13,10-28-11,01-27-12
37521,Vinland Saga,2,9,24,24,2,TV,R,07-08-19,12-30-19
33352,Violet Evergarden,2,9,13,13,2,TV,PG-13,01-11-18,04-05-18
39741,Violet Evergarden Gaiden: Eien to Jidou Shuki Ningyou,2,7,1,1,2,Movie,PG-13,09-06-19,09-06-19
37095,Violet Evergarden: Kitto "Ai" wo Shiru Hi ga Kuru no Darou,2,5,1,1,2,Special,PG-13,07-04-18,07-04-18
43299,Wonder Egg Priority,2,6,12,12,2,TV,R,01-13-21,03-31-21
14813,Yahari Ore no Seishun Love Comedy wa Machigatteiru.,2,7,13,13,2,TV,PG-13,04-05-13,06-28-13
39547,Yahari Ore no Seishun Love Comedy wa Machigatteiru. Kan,2,6,12,12,2,TV,PG-13,07-10-20,09-25-20
18753,Yahari Ore no Seishun Love Comedy wa Machigatteiru. OVA,2,5,1,1,2,OVA,PG-13,09-19-13,09-19-13
23847,Yahari Ore no Seishun Love Comedy wa Machigatteiru. Zoku,2,8,13,13,2,TV,PG-13,04-03-15,06-26-15
33161,Yahari Ore no Seishun Love Comedy wa Machigatteiru. Zoku OVA,2,6,1,1,2,OVA,PG-13,10-27-16,10-27-16
37779,Yakusoku no Neverland,2,9,12,12,2,TV,R,01-10-19,03-29-19
39617,Yakusoku no Neverland 2nd Season,2,5,11,11,2,TV,R,01-08-21,03-26-21
39710,Yesterday wo Utatte,2,9,12,12,2,TV,PG-13,04-05-20,06-21-20
41660,Yesterday wo Utatte: Haishin-ban Episode,2,5,6,6,2,ONA,PG-13,04-05-20,06-21-20
40911,Yuukoku no Moriarty,2,7,11,11,2,TV,R,10-11-20,12-20-20
5300,Zoku Natsume Yuujinchou,2,6,13,13,2,TV,PG-13,01-06-09,03-31-09
36999,Zoku Owarimonogatari,2,6,6,6,2,Movie,R,11-10-18,11-10-18
34566,Boruto: Naruto Next Generations,3,4,155,0,1,TV,PG-13,04-05-17,
41074,Digimon Adventure:,3,0,9,66,1,TV,PG,04-05-20,
223,Dragon Ball,3,0,37,153,2,TV,PG-13,02-26-86,04-12-89
36064,Fate/Grand Order,3,0,8,0,1,Special,PG,12-27-14,
5231,Inazuma Eleven,3,6,52,127,2,TV,G,10-05-08,04-27-11
5962,Metal Fight Beyblade,3,0,39,51,2,TV,PG,04-05-09,03-28-10
21,One Piece,3,7,946,0,1,TV,PG-13,10-20-99,
31646,3-gatsu no Lion,6,0,0,22,2,TV,PG-13,10-08-16,03-18-17
48548,5-toubun no Hanayome Movie,6,0,0,1,3,Movie,PG-13,00-00-22,00-00-22
41457,86,6,0,0,11,1,TV,R,04-11-21,
16201,Aku no Hana,6,0,0,13,2,TV,R,04-05-13,06-30-13
2251,Baccano!,6,0,0,13,2,TV,R,07-27-07,11-02-07
36649,Banana Fish,6,0,0,24,2,TV,R,07-06-18,12-21-18
41467,Bleach: Sennen Kessen-hen,6,0,0,0,3,Unknown,PG-13,,
41587,Boku no Hero Academia 5th Season,6,0,0,25,1,TV,PG-13,03-27-21,
38088,Digimon Adventure: Last Evolution Kizuna,6,0,0,1,2,Movie,PG-13,02-21-20,02-21-20
37982,Domestic na Kanojo,6,0,0,12,2,TV,R+,01-12-19,03-30-19
48549,Dr. Stone (Zoku-hen),6,0,0,0,3,Unknown,PG-13,,
2759,Evangelion: 1.0 You Are (Not) Alone,6,0,0,1,2,Movie,PG-13,09-01-07,09-01-07
38085,Fate/Grand Order: Shinsei Entaku Ryouiki Camelot 1 - Wandering; Agateram,6,0,0,1,2,Movie,,12-05-20,12-05-20
38086,Fate/Grand Order: Shinsei Entaku Ryouiki Camelot 2 - Paladin; Agateram,6,0,0,1,2,Movie,,05-15-21,05-15-21
41497,Fate/Grand Order: Shuukyoku Tokuiten - Kani Jikan Shinden Solomon,6,0,0,1,3,Movie,PG-13,07-30-21,07-30-21
42030,Fate/kaleid liner Prisma☆Illya Movie: Licht - Namae no Nai Shoujo,6,0,0,1,3,Movie,,00-00-21,00-00-21
41025,Fumetsu no Anata e,6,0,0,20,1,TV,R,04-12-21,
36028,Golden Kamuy,6,0,0,12,2,TV,R,04-09-18,06-25-18
245,Great Teacher Onizuka,6,0,0,43,2,TV,R,06-30-99,09-17-00
40938,Hige wo Soru. Soshite Joshikousei wo Hirou.,6,0,0,13,1,TV,R+,04-05-21,
258,Hitsuji no Uta,6,0,0,4,2,OVA,R,05-25-03,02-25-04
45604,Jaku-Chara Tomozaki-kun Specials,6,0,0,2,2,Special,,05-07-21,06-02-21
39534,Jibaku Shounen Hanako-kun,6,0,0,12,2,TV,PG-13,01-10-20,03-27-20
48661,JoJo no Kimyou na Bouken Part 6: Stone Ocean,6,0,0,0,3,Unknown,R,,
40787,Josee to Tora to Sakana-tachi,6,0,0,1,2,Movie,,12-25-20,12-25-20
48561,Jujutsu Kaisen 0 Movie,6,0,0,1,3,Movie,,,
43608,Kaguya-sama wa Kokurasetai: Tensai-tachi no Renai Zunousen 3rd Season,6,0,0,0,3,TV,PG-13,,
44586,Kakushigoto Movie,6,0,0,1,3,Movie,PG-13,07-09-21,07-09-21
42963,"Kanojo, Okarishimasu 2nd Season",6,0,0,0,3,TV,PG-13,00-00-22,
40456,Kimetsu no Yaiba Movie: Mugen Ressha-hen,6,0,0,1,2,Movie,R,10-16-20,10-16-20
47778,Kimetsu no Yaiba: Yuukaku-hen,6,0,0,0,3,TV,R,00-00-21,
44204,Kyokou Suiri 2nd Season,6,0,0,0,3,TV,R,,
34599,Made in Abyss,6,0,0,13,2,TV,R,07-07-17,09-29-17
9756,Mahou Shoujo Madoka★Magica,6,0,0,12,2,TV,PG-13,01-07-11,04-22-11
457,Mushishi,6,0,0,26,2,TV,PG-13,10-23-05,06-19-06
45576,Mushoku Tensei: Isekai Ittara Honki Dasu 2nd Season,6,0,0,12,3,TV,R,10-00-21,
877,Nana,6,0,0,47,2,TV,R+,04-05-06,03-28-07
38397,Nande Koko ni Sensei ga!?,6,0,0,12,2,TV,PG-13,04-08-19,06-24-19
42894,Natsume Yuujinchou: Ishi Okoshi to Ayashiki Raihousha,6,0,0,1,2,Movie,PG-13,01-16-21,01-16-21
46102,Odd Taxi,6,0,0,13,1,TV,PG-13,04-06-21,
35848,Promare,6,0,0,1,2,Movie,PG-13,05-24-19,05-24-19
30015,ReLIFE,6,0,0,13,2,TV,PG-13,07-02-16,09-24-16
12531,Sakamichi no Apollon,6,0,0,12,2,TV,PG-13,04-13-12,06-29-12
2476,School Days,6,0,0,12,2,TV,R+,07-04-07,09-27-07
48583,Shingeki no Kyojin: The Final Season Part 2,6,0,0,0,3,TV,R,01-00-22,
169,Shingetsutan Tsukihime,6,0,0,12,2,TV,R,10-10-03,12-26-03
13125,Shinsekai yori,6,0,0,25,2,TV,R,09-29-12,03-23-13
25835,Shirobako,6,0,0,24,2,TV,PG-13,10-09-14,03-26-15
40356,Tate no Yuusha no Nariagari Season 2,6,0,0,0,3,TV,PG-13,10-00-21,
41487,Tensei shitara Slime Datta Ken 2nd Season Part 2,6,0,0,0,3,TV,PG-13,07-06-21,
885,Tenshi no Tamago,6,0,0,1,2,OVA,PG-13,12-22-85,12-22-85
41488,Tensura Nikki: Tensei shitara Slime Datta Ken,6,0,0,12,1,TV,PG-13,04-06-21,
42249,Tokyo Revengers,6,0,0,0,1,TV,PG-13,04-11-21,
44931,Tonikaku Kawaii OVA,6,0,0,1,3,OVA,PG-13,08-18-21,08-18-21
37987,Violet Evergarden Movie,6,0,0,1,2,Movie,PG-13,09-18-20,09-18-20
46095,Vivy: Fluorite Eye's Song,6,0,0,13,1,TV,R,04-03-21,06-19-21
48614,Wonder Egg Priority Special,6,0,0,1,3,Special,R,06-30-21,06-30-21
6956,Working!!,6,0,0,13,2,TV,PG-13,04-04-10,06-27-10
35968,Wotaku ni Koi wa Muzukashii,6,0,0,11,2,TV,PG-13,04-13-18,06-22-18
46431,Yahari Ore no Seishun Love Comedy wa Machigatteiru. Kan OVA,6,0,0,1,3,OVA,PG-13,,
34798,Yuru Camp△,6,0,0,12,2,TV,PG-13,01-04-18,03-22-18
43325,Yuukoku no Moriarty 2nd Season,6,0,0,13,1,TV,R,04-04-21,
